,cons_id,turn_out,percent_turn_out,valid_votes,invalid_votes,blank_votes,party_list_turn_out,party_list_percent_turn_out,party_list_valid_votes,party_list_invalid_votes,party_list_blank_votes,counted_vote_stations,percent_count,pause_report
0,BKK_0,0,0.0,0,0,0,0,0.0,0,0,0,16,16.84211,False
1,BKK_1,78449,60.14967,73354,1083,4012,78155,59.92425,74515,1590,2050,227,94.97908,False
2,BKK_2,84672,62.0394,78713,1319,4640,84550,61.95002,80804,1432,2314,220,94.82759,False
3,BKK_3,77999,63.63214,72671,1353,3975,78327,63.89972,75007,1381,1939,206,94.93088,False
4,BKK_4,74760,57.75069,70338,1370,3052,74571,57.60469,71263,1586,1722,187,94.92386,False
5,BKK_5,92193,68.79253,86672,1223,4298,91822,68.5157,88341,1372,2109,206,94.93088,False
6,BKK_6,96139,67.16244,89947,1327,4865,95985,67.05485,91803,1732,2450,209,95.0,True
7,BKK_7,87360,63.17799,80487,1556,5317,87437,63.23368,83240,1600,2597,201,94.81132,False
8,BKK_8,93179,64.67755,86197,1530,5452,92607,64.28051,88593,1576,2438,193,94.60784,False
9,BKK_9,97958,67.88684,90662,1523,5773,97497,67.56736,93330,1493,2674,189,94.97487,False
10,BKK_10,90627,65.34643,83784,1415,5428,90689,65.39113,86401,1676,2612,178,94.68085,False
11,BKK_11,95230,69.34947,90059,1171,4000,95046,69.21548,90987,1664,2395,185,94.87179,False
12,BKK_12,100659,70.31813,93925,1483,5251,100578,70.26155,96726,1412,2440,181,94.7644,False
13,BKK_13,85806,65.14916,79890,1185,4731,86328,65.54549,83019,1260,2049,183,94.81865,False
14,BKK_14,89044,63.44832,83986,1306,3752,89210,63.5666,85722,1436,2052,187,94.92386,False
15,BKK_15,87827,68.74481,81890,1269,4668,88267,69.08922,84493,1533,2241,175,94.59459,False
16,BKK_16,91334,66.05912,85747,1310,4277,91349,66.06997,87701,1342,2306,170,94.97207,False
17,BKK_17,75113,62.22909,68125,1844,5144,75330,62.40887,70229,2098,3003,168,94.91525,False
18,BKK_18,79260,64.51403,73057,1334,4869,79194,64.46031,74583,2113,2498,161,94.70588,False
19,BKK_19,89867,66.27653,83857,1517,4493,89867,66.27653,86264,1496,2107,179,94.70899,False
20,BKK_20,78913,62.37985,74013,1611,3289,78727,62.23281,74772,1764,2191,161,94.70588,False
21,BKK_21,87981,64.37147,83023,1387,3571,88211,64.53975,84537,1407,2267,173,94.53552,False
22,BKK_22,87232,65.25971,80888,1419,4925,87319,65.32479,83561,1401,2357,192,94.58128,False
23,BKK_23,95094,65.97519,89186,1016,4892,90844,63.02659,87246,1242,2356,220,94.82759,False
24,BKK_24,91552,64.40022,84371,1800,5381,91523,64.37982,87082,1702,2739,221,94.84979,False
25,BKK_25,82288,64.87185,77290,1348,3650,82302,64.88289,78280,1811,2211,165,94.82759,False
26,BKK_26,89312,64.03533,82875,1707,4730,89327,64.04609,84984,1947,2396,197,94.71154,False
27,BKK_27,91070,67.70047,85471,1503,4096,91070,67.70047,86860,1721,2489,167,94.88636,False
28,BKK_28,77195,55.19961,71197,1534,4464,76799,54.91644,73131,1463,2205,150,78.53403,False
29,BKK_29,95801,66.29919,88794,1762,5245,95693,66.22445,90731,2254,2708,189,94.97487,False
30,BKK_30,96587,67.11905,89793,1438,5356,98344,68.34,93806,1828,2710,184,94.84536,False
31,BKK_31,102192,71.05993,93621,1887,6684,102329,71.1552,96994,1977,3358,228,94.60581,False
32,BKK_32,87928,63.22162,80054,2145,5729,88018,63.28633,83294,1992,2732,216,94.73684,False
33,BKK_33,90725,61.20845,83494,1884,5347,90680,61.17809,86400,1664,2616,205,89.51965,False
34,SPK_1,91637,70.05458,82985,3986,4666,91610,70.03394,85893,2840,2877,197,94.71154,False
35,SPK_2,89085,69.04743,82529,2357,4199,89327,69.235,83407,2883,3037,190,94.52736,False
36,SPK_3,88659,62.80256,81428,2232,4999,91858,65.0686,86591,2110,3157,200,94.78673,False
37,SPK_4,90493,66.30738,83459,1513,5521,88654,64.95988,84354,1482,2818,170,94.97207,False
38,SPK_5,98647,62.15942,88948,2530,7169,98261,61.91619,92666,1967,3628,218,94.78261,False
39,SPK_6,86953,66.89258,80192,2553,4208,86781,66.76026,80595,3198,2988,247,94.63602,False
40,SPK_7,99665,66.69767,92193,2612,4860,99835,66.81144,92883,3120,3832,217,94.75983,False
41,SPK_8,105164,69.72399,96900,3255,5009,105857,70.18345,98658,3831,3368,239,94.84127,False
42,NBI_1,92943,66.37269,86108,1616,5219,92974,66.39482,88453,1795,2726,167,94.88636,False
43,NBI_2,83203,66.7718,76200,1692,5311,83341,66.88254,78673,1706,2962,166,94.85714,False
44,NBI_3,80564,57.14529,72712,1896,5956,80582,57.15806,76001,1663,2918,158,77.07317,False
45,NBI_4,77244,60.65203,71114,1765,4365,76645,60.1817,72830,1383,2432,168,94.91525,False
46,NBI_5,98977,71.79582,90970,2083,5924,99192,71.95178,93698,2301,3193,188,94.94949,False
47,NBI_6,104901,72.80444,94433,3445,7023,105037,72.89882,98851,2426,3760,202,94.83568,False
48,NBI_7,94948,66.64046,86506,2480,5962,94516,66.33726,88525,2351,3640,199,94.7619,False
49,NBI_8,98052,71.57969,90231,2125,5696,97806,71.4001,91914,2622,3270,194,94.63415,False
50,PTE_1,96543,73.86611,89538,2728,4277,96550,73.87146,89994,3184,3372,191,94.55446,False
51,PTE_2,97616,75.72944,92064,1936,3616,97498,75.63789,91559,3080,2859,185,94.87179,False
52,PTE_3,88840,67.43432,79693,2794,6353,88826,67.4237,84046,1755,3025,171,95.0,True
53,PTE_4,90732,68.7171,83457,2367,4908,90682,68.67923,85667,2348,2667,169,94.94382,False
54,PTE_5,80064,65.23057,73781,1572,4711,80477,65.56705,76234,1742,2501,201,94.81132,False
55,PTE_6,83592,68.29802,77289,1644,4659,82927,67.75469,79007,1415,2505,145,94.77124,False
56,PTE_7,87221,71.58474,81575,2068,3578,87495,71.80962,82177,2790,2528,176,94.62366,False
57,PTE_8,80495,65.76228,73988,3095,3412,80956,66.1389,75402,3088,2466,177,94.65241,False
58,AYA_1,99087,70.68151,90908,3338,4841,98239,70.07661,90094,4026,4119,227,94.97908,False
59,AYA_2,98074,76.26935,90248,3371,4455,97628,75.92251,88060,5460,4108,222,94.87179,False
60,AYA_3,100194,73.40596,93292,3436,3466,99961,73.23526,92085,4544,3332,206,94.93088,False
61,AYA_4,102574,73.51763,96028,2797,3749,101712,72.89981,94598,3972,3142,219,94.80519,False
62,AYA_5,98147,73.76423,91327,4153,2667,98233,73.82887,90047,5331,2855,227,94.97908,False
63,ATG_1,80520,72.10789,75023,2578,2919,80689,72.25924,73747,4107,2835,236,94.77912,False
64,ATG_2,81967,72.90946,75719,3152,3096,79098,70.35749,71535,5059,2504,243,94.92188,False
65,LRI_1,97232,64.08985,88735,3424,5073,97104,64.00548,86778,6081,4245,246,94.98069,False
66,LRI_2,110985,74.15215,102847,3842,4296,110846,74.05928,100668,6120,4058,254,94.77612,False
67,LRI_3,99817,68.53304,93520,3661,2636,95328,65.45095,86836,5958,2534,272,94.77352,False
68,LRI_4,109708,73.43535,102196,4531,2981,110263,73.80685,100130,6837,3296,266,94.66192,False
69,SBR_1,120463,72.05889,108486,5170,6807,120546,72.10853,108622,6676,5248,316,94.89489,False
70,CNT_1,85157,64.92852,72785,5224,7148,85178,64.94453,75681,5214,4283,241,94.88189,False
71,CNT_2,90466,69.363,80425,4664,5377,90276,69.21732,79866,6749,3661,248,94.65649,False
72,SRI_1,91835,71.67666,82105,3459,6271,91767,71.62358,83461,4200,4106,207,94.95413,False
73,SRI_2,98281,71.90013,90532,4256,3493,98696,72.20373,89163,5896,3637,231,94.67213,False
74,SRI_3,65098,51.72625,59919,2411,2768,66275,52.66148,59824,3527,2924,197,94.71154,False
75,SRI_4,94975,74.01534,85330,4089,5556,94839,73.90935,84249,5589,5001,222,94.87179,False
76,CBI_1,98894,74.0535,92439,2127,4328,98442,73.71503,92687,2910,2845,163,94.76744,False
77,CBI_2,78872,69.22179,73956,1776,3140,78872,69.22179,74280,2150,2442,126,94.73684,False
78,CBI_3,92645,72.84328,84876,3120,4649,92645,72.84328,86453,3183,3009,170,94.97207,False
79,CBI_4,83770,69.6522,76139,3736,3895,83726,69.61561,76211,4745,2770,173,94.53552,False
80,CBI_5,97667,72.3545,89663,3471,4533,94743,70.18832,86568,4768,3407,206,94.93088,False
81,CBI_6,88248,63.68478,81831,2068,4349,88747,64.04489,83249,2867,2631,168,94.91525,False
82,CBI_7,84276,65.90499,78561,1993,3722,84052,65.72981,79513,2185,2354,154,94.47853,False
83,CBI_8,86649,61.69121,79998,2844,3807,86455,61.55308,80819,3093,2543,171,94.47514,False
84,CBI_9,62578,50.97796,56469,2878,3231,62757,51.12378,58973,1872,1912,156,94.54545,False
85,CBI_10,84108,62.44608,77743,1900,4465,79374,58.93132,72890,2585,3899,168,94.91525,False
86,RYG_1,85173,69.96074,79332,2232,3609,85173,69.96074,80393,2223,2557,170,94.97207,False
87,RYG_2,71887,61.62782,63412,3408,5067,71913,61.65011,67372,2053,2488,190,94.52736,False
88,RYG_3,80115,64.41459,71812,3348,4955,80302,64.56494,73011,3503,3788,232,94.69388,False
89,RYG_4,57717,44.57737,53379,1994,2344,52640,40.65618,48711,2206,1723,115,58.67347,False
90,RYG_5,85239,65.78758,77376,3288,4575,85354,65.87634,79657,2960,2737,169,94.94382,False
91,CTI_1,105152,71.03521,95966,3058,6128,104944,70.8947,95372,4217,5355,280,94.91525,False
92,CTI_2,94138,66.07242,84142,4595,5401,94306,66.19033,84082,5244,4980,273,94.79167,False
93,CTI_3,96465,67.79607,87089,4032,5344,96465,67.79607,86495,5477,4493,281,94.93243,False
94,TRT_1,112944,63.83902,104438,4161,4345,113099,63.92663,103587,5726,3786,329,94.81268,False
95,CCO_1,105262,71.81541,91858,4789,8615,105523,71.99348,96521,3886,5116,244,94.94163,False
96,CCO_2,114004,78.59147,105669,4230,4105,113603,78.31503,103370,6316,3917,264,94.96403,False
97,CCO_3,98419,66.3098,88206,5117,5096,98025,66.04435,88245,6452,3328,246,94.98069,False
98,CCO_4,117546,77.37005,107721,4360,5465,117390,77.26737,107026,6242,4122,244,94.94163,False
99,PRI_1,89864,67.77227,78565,3509,7790,90264,68.07394,80760,4390,5114,228,94.60581,False
100,PRI_2,101887,71.85109,94564,3353,3970,101584,71.63741,93228,4923,3433,281,94.93243,False
101,PRI_3,86149,66.71494,77567,4326,4256,85888,66.51282,77514,4879,3495,248,94.65649,False
102,NYK_1,73481,70.61814,68423,2365,2693,74049,71.16401,66970,4249,2830,199,94.7619,False
103,NYK_2,81538,74.84327,75139,3041,3358,81538,74.84327,73884,4718,2936,242,94.90196,False
104,SKW_1,93093,63.11304,85502,3596,3995,93286,63.24389,84541,5716,3029,276,94.84536,False
105,SKW_2,87143,60.03817,80109,3520,3514,87242,60.10638,79815,4621,2806,290,94.77124,False
106,SKW_3,95577,63.27633,87118,4905,3554,95161,63.00092,86214,5825,3122,288,94.73684,False
107,NMA_1,85005,66.06589,76007,2167,6831,85116,66.15216,78573,2491,4052,228,95.0,True
108,NMA_2,95437,67.57941,87403,2931,5103,95490,67.61694,87184,3960,4346,206,94.93088,False
109,NMA_3,97321,71.27185,87895,3425,6001,97316,71.26819,88973,4107,4236,222,94.87179,False
110,NMA_4,79563,60.38571,71266,3412,4885,77757,59.01501,70454,3883,3420,290,94.77124,False
111,NMA_5,91146,68.27007,83962,3689,3495,91275,68.36669,82455,5626,3194,281,94.93243,False
112,NMA_6,81885,61.33386,78091,2021,1773,81345,60.92939,75175,4584,1586,291,94.78827,False
113,NMA_7,72610,55.08687,68289,2474,1847,72506,55.00797,66629,4207,1670,314,94.86405,False
114,NMA_8,78356,58.55503,70904,4488,2964,78403,58.59015,71589,4210,2604,278,94.88055,False
115,NMA_9,83262,61.32939,79059,2651,1552,87229,64.25141,80515,4843,1871,285,95.0,True
116,NMA_10,102879,74.47229,95993,3772,3114,102445,74.15812,92711,6222,3512,287,94.71947,False
117,NMA_11,85265,64.37038,77647,3689,3929,85423,64.48966,77330,5001,3092,258,94.85294,False
118,NMA_12,86213,65.06396,78302,4225,3686,90376,68.20573,81422,5551,3403,310,94.80122,False
119,NMA_13,71744,55.14273,60849,6106,4789,72017,55.35256,64469,4332,3216,270,94.73684,False
120,NMA_14,82123,62.77317,71835,4731,5557,81926,62.62259,74623,3537,3766,228,95.0,True
121,NMA_15,89820,64.79818,85822,2489,1509,93049,67.12766,85812,5270,1967,313,94.84848,False
122,NMA_16,82925,60.97382,77922,2785,2218,82327,60.53411,75477,4954,1896,323,95.0,True
123,BRM_4,71088,58.49949,66230,3058,1800,66046,54.35035,61453,3538,1055,257,94.83395,False
124,BRM_1,76770,61.25673,70455,3400,2915,76626,61.14183,71524,3523,1579,261,94.90909,False
125,BRM_2,82670,64.7681,75769,3510,3391,82745,64.82686,76908,4143,1694,263,94.94585,False
126,BRM_3,68118,54.2181,63636,3142,1340,68032,54.14965,63851,3345,836,266,94.66192,False
127,BRM_5,77970,59.32074,72573,2920,2477,72251,54.96964,67351,3602,1298,302,94.96855,False
128,BRM_6,69506,53.1489,64305,2667,2534,69903,53.45247,65237,3318,1348,294,94.83871,False
129,BRM_7,71117,57.80789,66292,2802,2023,70555,57.35106,65607,3656,1292,257,94.83395,False
130,BRM_8,79742,62.80134,73395,3042,3305,79642,62.72258,73492,4018,2132,266,95.0,True
131,BRM_9,67032,52.37366,62019,3038,1975,72515,56.65766,66932,4071,1512,239,94.84127,False
132,BRM_10,65157,53.71514,60525,2705,1927,65171,53.72668,60481,3554,1136,211,94.61883,False
133,SRN_1,88601,65.10088,81068,3303,4230,88615,65.11117,82136,3816,2663,235,94.75806,False
134,SRN_2,89248,63.69443,84087,2850,2311,88080,62.86085,81987,4404,1689,251,94.71698,False
135,SRN_3,74602,54.29786,70135,2455,2012,74601,54.29713,69500,3539,1562,301,94.95268,False
136,SRN_4,72193,51.6953,68441,2121,1631,71455,51.16684,66844,3275,1336,293,94.82201,False
137,SRN_5,70625,52.10101,67868,1949,808,69778,51.47616,64847,4101,830,301,94.95268,False
138,SRN_6,76662,57.13711,71941,3007,1714,76481,57.00221,71043,4132,1306,259,94.87179,False
139,SRN_7,87156,63.87488,80866,4081,2209,87650,64.23693,81693,4255,1702,278,94.88055,False
140,SRN_8,76667,56.02552,71162,3934,1571,76342,55.78802,70526,4308,1508,247,94.63602,False
141,SSK_1,82102,61.76473,78704,1964,1434,82175,61.81965,77355,3296,1524,274,94.80969,False
142,SSK_2,73527,57.11767,69985,2191,1351,74213,57.65057,69121,3758,1334,273,94.79167,False
143,SSK_3,78816,61.575,73521,3067,2228,78520,61.34375,72087,4593,1840,277,94.86301,False
144,SSK_4,72004,58.78885,67792,2520,1692,71504,58.38062,65873,4303,1328,230,94.65021,False
145,SSK_5,80717,63.21919,75589,3280,1848,80393,62.96543,74004,4824,1565,232,94.69388,False
146,SSK_6,70972,55.11917,66877,2850,1245,60564,47.03598,55870,3930,764,298,94.90446,False
147,SSK_7,71700,56.22295,67063,3877,760,71666,56.19629,66966,3957,743,324,94.73684,False
148,SSK_8,76063,57.04483,71854,2679,1530,75608,56.70359,70406,3793,1409,361,95.0,True
149,SSK_9,87028,62.49542,82939,2521,1568,86965,62.45018,81836,3612,1517,402,94.81132,False
150,UBN_1,86407,65.19118,76420,3834,6153,86822,65.50429,80278,2930,3614,235,94.75806,False
151,UBN_2,84801,62.09389,80009,2147,2645,84555,61.91376,78178,3868,2509,272,94.77352,False
152,UBN_3,87951,62.93317,80774,3261,3916,88265,63.15786,81369,4197,2699,318,94.92537,False
153,UBN_4,106067,70.5364,94753,4933,6381,106088,70.55037,97295,4797,3996,291,94.78827,False
154,UBN_5,74566,56.89282,69964,2665,1937,74669,56.9714,69300,3644,1725,305,94.7205,False
155,UBN_6,80082,60.64934,74580,3912,1590,80165,60.7122,73729,4884,1552,264,94.96403,False
156,UBN_7,86153,65.62238,82798,2418,937,85903,65.43196,80601,4012,1290,270,94.73684,False
157,UBN_8,78660,57.276,74464,2553,1643,80823,58.85098,74701,4231,1891,280,94.91525,False
158,UBN_9,74428,57.17314,70003,3354,1071,74493,57.22308,68823,4456,1214,231,94.67213,False
159,UBN_10,84112,59.53441,77104,4622,2386,84961,60.13533,79339,4213,1409,304,94.70405,False
160,UBN_11,80392,59.38599,74813,3056,2523,80957,59.80336,74248,4442,2267,234,94.73684,False
161,YST_1,100428,69.40237,95665,2747,2016,92326,63.80335,86759,3785,1782,291,94.78827,False
162,YST_2,81496,57.7208,79014,1694,788,81583,57.78242,77266,3297,1020,291,94.78827,False
163,YST_3,93197,63.56624,87905,3394,1898,94013,64.1228,88585,3833,1595,296,94.87179,False
164,CPM_1,14912,11.52031,13835,514,563,15241,11.77448,13984,814,443,56,21.29278,False
165,CPM_2,83187,62.2839,75776,4233,3178,83111,62.227,75737,4745,2629,327,94.78261,False
166,CPM_3,75078,59.04494,69948,3486,1644,75689,59.52546,68471,5282,1936,292,94.80519,False
167,CPM_4,54838,45.25185,52350,1940,548,54592,45.04885,50442,3283,867,176,75.86207,False
168,CPM_5,77587,58.73843,74248,2358,981,77729,58.84593,71527,4807,1395,254,94.77612,False
169,CPM_6,84588,62.87855,79010,3633,1945,84625,62.90606,77617,5371,1637,258,94.85294,False
170,CPM_7,75380,59.40625,72679,1916,785,76294,60.12657,70883,4141,1270,272,94.77352,False
171,ACR_1,85388,58.67623,79648,2654,3086,85293,58.61095,79450,3730,2113,306,94.73684,False
172,ACR_2,98082,62.39948,88929,5450,3703,97713,62.16472,90537,4785,2391,334,94.88636,False
173,BKN_1,66872,63.81403,62774,2694,1404,70549,67.32289,66228,2994,1327,207,94.95413,False
174,BKN_2,73563,67.23486,70695,1819,1049,72567,66.32453,68278,3178,1111,244,91.38577,False
175,BKN_3,69303,58.53393,63762,3457,2084,69384,58.60234,64556,3244,1584,246,94.98069,False
176,NBP_1,87806,63.03103,83308,2222,2276,92386,66.31875,86113,4262,2011,257,94.83395,False
177,NBP_2,79264,58.27207,75283,2329,1652,79315,58.30956,74085,3921,1309,257,94.83395,False
178,NBP_3,78888,59.17547,74323,2781,1784,78947,59.21973,73396,4063,1488,250,94.69697,False
179,KKN_1,86314,67.30136,78585,2510,5219,80932,63.10487,75615,2737,2580,170,94.97207,False
180,KKN_2,99877,71.95179,91205,2640,6032,99334,71.56061,92727,3387,3220,170,94.97207,False
181,KKN_3,83342,63.04379,77806,3714,1822,83197,62.93411,77507,4166,1524,252,94.73684,False
182,KKN_4,92289,70.51367,87456,2664,2169,92164,70.41817,85617,4573,1974,243,94.92188,False
183,KKN_5,81282,61.67025,77433,2459,1390,81333,61.70894,75467,4691,1175,252,94.73684,False
184,KKN_6,86315,66.4442,80055,3809,2451,86181,66.34105,79094,5062,2025,244,94.94163,False
185,KKN_7,88824,67.10687,81886,4330,2608,88625,66.95653,81734,5026,1865,263,94.94585,False
186,KKN_8,91152,65.27923,84753,3417,2982,91350,65.42103,84806,4413,2131,244,94.94163,False
187,KKN_9,76079,59.75135,72773,2267,1039,75980,59.67359,71439,3677,864,270,94.73684,False
188,KKN_10,82656,60.90859,77613,3746,1297,83761,61.72285,78600,4228,933,292,94.49838,False
189,KKN_11,80798,61.44428,74696,4043,2059,80866,61.49599,74894,4359,1613,253,94.75655,False
190,UDN_1,81594,63.12638,73783,2345,5466,80339,62.15543,75223,2150,2966,212,94.64286,False
191,UDN_2,70331,52.929,64878,2463,2990,70615,53.14273,65327,3218,2070,194,94.63415,False
192,UDN_3,71577,56.88389,68138,2315,1124,71753,57.02376,66966,3757,1030,231,94.67213,False
193,UDN_4,67756,53.5701,64235,2136,1385,67552,53.40881,62904,3657,991,209,95.0,True
194,UDN_5,65967,55.39303,62415,2143,1409,65750,55.21081,61517,3155,1078,218,94.78261,False
195,UDN_6,77238,61.10601,73916,2264,1058,76567,60.57516,72005,3346,1216,230,94.65021,False
196,UDN_7,67107,52.32555,61630,3024,2453,66215,51.63003,61395,3227,1593,229,94.6281,False
197,UDN_8,72517,59.10299,67587,2746,2184,72831,59.3589,67021,4154,1656,209,94.57014,False
198,UDN_9,73470,58.85746,66512,4683,2275,73316,58.73409,67413,4280,1623,225,94.93671,False
199,UDN_10,71535,58.14766,65445,4324,1766,71647,58.2387,65865,4062,1720,231,94.67213,False
200,LEI_1,89032,70.82727,80748,4370,3914,89056,70.84636,81955,4129,2972,216,94.73684,False
201,LEI_2,74929,56.34776,65293,5791,3845,74598,56.09884,67208,4856,2534,257,94.83395,False
202,LEI_3,81984,65.29416,74221,4041,3722,81700,65.06797,73967,5004,2729,278,94.88055,False
203,LEI_4,77330,62.41777,67322,6039,3969,77378,62.45651,69494,5072,2812,245,94.96124,False
204,NKI_1,84882,60.84906,79165,3520,2197,84468,60.55227,77990,4449,2029,282,94.94949,False
205,NKI_2,81480,59.71199,77163,3169,1148,82074,60.1473,76387,4501,1186,267,94.68085,False
206,NKI_3,78608,57.1628,70533,5071,3004,78687,57.22025,72483,4207,1997,249,94.67681,False
207,MKM_1,85075,68.80808,79831,1957,3287,85030,68.77169,79524,3167,2339,225,94.93671,False
208,MKM_2,72171,56.2167,68816,1940,1415,72572,56.52905,67775,3544,1253,317,94.91018,False
209,MKM_3,76922,59.1053,74451,1858,613,76737,58.96315,72690,3260,787,271,94.75524,False
210,MKM_4,80619,63.97826,76555,2797,1267,81188,64.42981,76187,3921,1080,277,94.86301,False
211,MKM_5,74767,56.2048,68568,2769,3430,74763,56.2018,69390,3400,1973,325,94.75219,False
212,MKM_6,86328,67.28238,82000,2325,2003,86649,67.53256,81308,3823,1518,289,94.7541,False
213,RET_1,82810,65.65188,78555,2317,1938,82539,65.43703,77597,3068,1874,249,94.67681,False
214,RET_2,86314,63.13241,81745,2860,1709,86698,63.41328,81440,3718,1540,347,94.80874,False
215,RET_3,75216,56.54616,71917,1975,1324,81540,61.30044,76181,3807,1552,286,94.70199,False
216,RET_4,80352,62.03446,76908,1898,1546,80471,62.12634,75994,3182,1295,316,94.89489,False
217,RET_5,68205,51.20534,61385,4171,2649,76438,57.38632,71394,3067,1977,328,94.79769,False
218,RET_6,69786,53.62832,66008,2696,1082,69465,53.38164,65557,2956,952,285,95.0,True
219,RET_7,73604,54.77181,70793,2289,522,73720,54.85813,70160,2922,638,304,95.0,True
220,RET_8,81054,61.74884,77540,1986,1528,81054,61.74884,77083,2867,1104,323,94.72141,False
221,KSN_1,75579,57.49726,70270,2392,2917,74752,56.86812,68790,3921,2041,269,94.71831,False
222,KSN_2,81689,64.73492,75744,2805,3140,81643,64.69847,75859,3952,1832,251,94.71698,False
223,KSN_3,76823,61.82739,72703,2349,1771,76947,61.92718,70688,4498,1761,253,94.75655,False
224,KSN_4,82244,60.30857,78354,2368,1522,81621,59.85173,75537,4515,1569,294,94.83871,False
225,KSN_5,83156,60.56607,79522,2137,1497,83882,61.09484,78082,4288,1512,276,94.84536,False
226,KSN_6,84214,62.08549,80526,2260,1428,83661,61.6778,77931,4332,1398,279,94.89796,False
227,SNK_1,88885,66.37667,83226,2142,3517,89180,66.59697,82565,3489,3126,222,94.87179,False
228,SNK_2,83486,63.28245,78728,3076,1682,83363,63.18921,78145,3545,1673,246,94.98069,False
229,SNK_3,77168,57.57302,70312,3743,3113,77374,57.72671,71449,3396,2529,247,95.0,True
230,SNK_4,75051,58.45776,68473,3172,3406,78226,60.93079,71565,3836,2825,242,94.90196,False
231,SNK_5,73970,57.01051,70655,2018,1297,74335,57.29183,69532,3404,1399,215,94.71366,False
232,SNK_6,72663,55.87055,67841,2918,1904,77252,59.39903,72552,3018,1682,225,94.93671,False
233,SNK_7,75516,57.23641,69985,2735,2796,75964,57.57596,70430,3532,2002,239,94.84127,False
234,NPM_1,88590,61.69779,85158,2419,1013,87401,60.86972,82356,4134,911,274,94.80969,False
235,NPM_2,89746,62.80292,81917,3743,4086,89992,62.97507,83104,4303,2585,281,94.93243,False
236,NPM_3,88942,62.45445,84074,2797,2071,89046,62.52747,83430,3889,1727,278,94.88055,False
237,NPM_4,91103,62.91817,87244,2228,1631,91599,63.26073,86398,3810,1391,301,94.95268,False
238,MDH_1,94876,66.88898,89693,2917,2266,94706,66.76913,87797,4708,2201,272,94.77352,False
239,MDH_2,90167,65.10347,84368,3594,2205,89758,64.80816,82883,4896,1979,315,94.87952,False
240,CMI_4,102392,70.71368,93962,2563,5867,102290,70.64324,94712,3483,4095,230,94.65021,False
241,CMI_5,91938,69.01268,82487,4048,5403,91929,69.00592,83527,4580,3822,281,94.93243,False
242,CMI_1,89928,65.26311,81664,2306,5958,90584,65.73919,84451,2485,3648,223,94.89362,False
243,CMI_2,99960,69.53255,89069,3245,7646,100947,70.21912,92288,3673,4986,269,94.71831,False
244,CMI_3,98354,70.66016,87875,3632,6847,99088,71.18749,90516,4066,4506,277,94.86301,False
245,CMI_6,80199,62.96043,71619,5720,2860,79718,62.58282,72111,5111,2496,275,94.82759,False
246,CMI_7,92980,69.95817,85649,4249,3082,93451,70.31255,84867,5719,2865,275,94.82759,False
247,CMI_8,109425,77.5294,99824,3529,6072,109758,77.76534,100791,4498,4469,310,94.80122,False
248,CMI_9,96398,76.41235,88031,5372,2995,96179,76.23875,88073,5297,2809,279,94.89796,False
249,CMI_10,88388,72.49969,77746,9247,1395,88117,72.27741,80609,6246,1262,266,95.0,True
250,LPN_1,116041,67.75642,103429,4760,7852,114183,66.67153,103806,4891,5486,318,94.92537,False
251,LPN_2,125270,77.02808,111124,7266,6880,125137,76.9463,112157,7808,5172,354,94.90617,False
252,LPG_1,105108,71.83139,92359,4381,8368,104223,71.22658,95159,4002,5062,278,94.88055,False
253,LPG_2,105629,69.98079,93115,7364,5150,105811,70.10136,95763,6526,3522,328,94.79769,False
254,LPG_3,98883,67.16683,88123,4161,6599,98981,67.23339,88400,5651,4930,264,94.96403,False
255,LPG_4,110109,69.78155,99312,6329,4468,110616,70.10286,100874,6391,3351,320,94.95549,False
256,UTT_1,77259,65.37788,71238,3137,2884,76932,65.10117,70573,3876,2483,226,94.95798,False
257,UTT_2,73134,58.48802,66010,3485,3639,73362,58.67036,65474,4962,2926,275,94.82759,False
258,UTT_3,75340,61.01245,66779,4376,4185,75310,60.98815,68267,3941,3102,236,94.77912,False
259,PRE_1,85567,70.07083,80671,2335,2561,86403,70.75544,81142,3017,2244,244,94.94163,False
260,PRE_2,76409,65.69822,71775,2920,1714,76230,65.54431,70845,3894,1491,265,94.98208,False
261,PRE_3,82810,68.02648,72318,5976,4516,71774,58.96067,64847,4298,2629,249,94.67681,False
262,NAN_1,92148,65.87223,82286,4053,5809,91799,65.62274,83071,4411,4317,285,95.0,True
263,NAN_2,93393,72.03693,85752,3300,4341,84587,65.24459,77703,3785,3099,334,94.88636,False
264,NAN_3,76667,64.02736,67711,4982,3974,76907,64.22779,69495,4500,2912,286,94.70199,False
265,PYO_1,85161,68.17789,79430,2652,3079,85086,68.11784,80077,3339,1670,266,94.66192,False
266,PYO_2,91717,71.70264,84600,3837,3280,91995,71.91998,85819,4145,2031,279,94.89796,False
267,PYO_3,84922,65.15921,78118,4223,2581,84400,64.75869,77781,4841,1778,286,94.70199,False
268,CRI_1,95437,67.36951,86268,3284,5885,95416,67.35469,87216,4000,4200,230,94.65021,False
269,CRI_2,94416,71.14943,83181,5991,5244,95184,71.72817,86896,4782,3506,252,94.73684,False
270,CRI_3,93836,67.06116,81727,7793,4316,93589,66.88464,84693,5866,3030,308,94.76923,False
271,CRI_4,93963,66.32667,83575,5568,4820,93649,66.10502,86226,4486,2937,350,94.85095,False
272,CRI_5,87285,66.09496,80232,4253,2800,87142,65.98667,80715,3998,2429,284,94.98328,False
273,CRI_6,80489,63.56134,71873,4916,3700,80471,63.54713,73462,4286,2723,231,94.67213,False
274,CRI_7,93070,69.27892,84839,4242,3989,93199,69.37495,84443,5320,3436,283,94.96644,False
275,MSN_1,64490,72.33226,57809,3690,2991,64530,72.37713,59511,2860,2159,231,94.67213,False
276,MSN_2,70279,73.19662,63594,4990,1695,70448,73.37263,64648,4421,1379,218,94.78261,False
277,NSN_1,86040,62.02377,78454,3084,4502,86649,62.46279,79928,3539,3182,221,94.84979,False
278,NSN_2,98220,71.69186,91491,3671,3058,98653,72.00791,89926,5988,2739,260,94.89051,False
279,NSN_3,90090,61.4391,82091,4481,3518,90009,61.38386,80699,6178,3132,294,94.83871,False
280,NSN_4,81319,58.23266,73773,4857,2689,81316,58.23051,72871,6366,2079,269,94.71831,False
281,NSN_5,83155,59.64096,76762,3790,2603,83627,59.97949,74936,6055,2636,277,94.86301,False
282,NSN_6,79946,58.43023,75687,3107,1152,80247,58.65023,72327,6389,1531,248,94.65649,False
283,UTI_1,76586,60.16986,69199,3026,4361,77015,60.5069,70624,3681,2710,324,94.73684,False
284,UTI_2,76588,56.91821,70874,3149,2565,75842,56.3638,69702,4040,2100,295,94.85531,False
285,KPT_1,90981,62.6932,81527,4771,4683,90618,62.44306,81177,5911,3530,264,94.96403,False
286,KPT_2,95492,64.55652,88626,4344,2522,95614,64.63899,85607,7225,2782,305,94.7205,False
287,KPT_3,79347,57.58587,73216,3808,2323,80036,58.08591,71430,6244,2362,270,94.73684,False
288,KPT_4,83456,60.0939,77106,4008,2342,83856,60.38192,75473,6117,2266,287,94.71947,False
289,TAK_1,92848,61.6451,85145,3426,4277,93104,61.81507,83530,5771,3803,260,94.89051,False
290,TAK_2,85013,65.4868,58472,9037,17504,85034,65.50298,75065,5630,4339,191,94.55446,False
291,TAK_3,87110,64.58333,77793,6870,2447,86939,64.45655,78571,6310,2058,222,94.87179,False
292,STI_1,75751,64.0373,67017,3765,4969,75397,63.73804,67515,4681,3201,235,94.75806,False
293,STI_2,74441,62.91338,67737,3470,3234,74286,62.78238,67066,4968,2252,244,94.94163,False
294,STI_3,73997,61.36196,64923,4178,4896,74013,61.37523,65669,5110,3234,229,94.6281,False
295,STI_4,78373,65.15284,74211,2678,1484,78725,65.44546,72115,4898,1712,242,94.90196,False
296,PLK_1,93310,66.88649,84240,2929,6141,93777,67.22125,85822,3249,4706,209,94.57014,False
297,PLK_2,89851,60.93494,78499,4544,6808,89812,60.90849,80059,4897,4856,270,94.73684,False
298,PLK_3,91272,63.87929,84457,4011,2804,90797,63.54684,82129,6148,2520,263,94.94585,False
299,PLK_4,89290,69.65442,83907,3141,2242,84628,66.01763,77343,5236,2049,269,94.71831,False
300,PLK_5,84963,64.06451,78511,3963,2489,90067,67.91308,81674,5425,2968,280,94.91525,False
301,PCT_1,94170,64.70697,85110,4786,4274,93693,64.37921,84619,5921,3153,292,94.80519,False
302,PCT_2,86367,61.53863,78889,4109,3369,86070,61.32701,77636,5913,2521,338,94.94382,False
303,PCT_3,89867,63.43672,84781,3378,1708,89475,63.16001,81216,6339,1920,340,94.97207,False
304,PNB_1,85013,64.82515,77257,3480,4276,84856,64.70543,76949,4491,3416,229,94.6281,False
305,PNB_2,89419,68.2166,85482,2383,1554,89277,68.10827,81215,5614,2448,276,94.84536,False
306,PNB_3,87766,69.29314,81326,3469,2971,81943,64.69576,73706,5501,2736,284,94.98328,False
307,PNB_4,68161,54.04156,63294,2769,2098,68127,54.0146,61211,4987,1929,281,94.93243,False
308,PNB_5,76316,57.36406,68508,4831,2977,76947,57.83836,70081,4569,2297,272,94.77352,False
309,PNB_6,86864,64.20388,80626,3684,2554,87195,64.44853,78910,5904,2381,279,88.29114,False
310,RBR_1,100553,71.75336,92238,3249,5066,100929,72.02166,91166,4666,5097,230,94.65021,False
311,RBR_2,93773,68.89957,83158,4636,5979,93974,69.04725,82986,6020,4968,228,95.0,True
312,RBR_3,101923,72.23817,88792,5586,7545,104554,74.1029,92856,6174,5524,234,94.73684,False
313,RBR_4,107655,76.76045,102509,2688,2458,107518,76.66277,97941,5523,4054,199,94.7619,False
314,RBR_5,105963,79.10815,100421,2915,2627,105391,78.68112,96121,5839,3431,225,94.93671,False
315,KRI_1,83288,62.53041,73953,3275,6060,83196,62.46134,74462,4211,4523,180,94.73684,False
316,KRI_2,95234,72.33163,89841,2700,2693,95339,72.41138,86569,5400,3370,201,94.81132,False
317,KRI_3,103855,76.35779,98519,3334,2002,103776,76.29971,94769,6023,2984,217,94.75983,False
318,KRI_4,88244,65.95414,78184,5324,4736,87903,65.69927,77112,7163,3628,256,94.81481,False
319,KRI_5,84602,68.99527,78787,3951,1864,84498,68.91046,77234,5209,2055,187,94.92386,False
320,SPB_1,93571,69.11679,86542,2835,4194,93905,69.3635,85865,4598,3442,221,94.84979,False
321,SPB_2,81735,63.07881,75617,3138,2980,81770,63.10582,75133,3927,2710,236,94.77912,False
322,SPB_3,102367,78.42832,97262,3251,1854,101561,77.81081,92656,6260,2645,248,94.65649,False
323,SPB_4,90899,66.12953,82984,4344,3571,89774,65.31108,81299,5849,2626,269,94.71831,False
324,SPB_5,103370,71.38861,93764,4373,5233,100424,69.35407,90953,5644,3827,246,94.98069,False
325,NPT_1,94083,72.5216,86379,3320,4384,93617,72.1624,85889,3866,3862,206,94.93088,False
326,NPT_2,87430,72.29503,80340,2337,4753,88179,72.91438,79917,3935,4327,198,94.73684,False
327,NPT_3,88544,74.18728,81114,3012,4418,88261,73.95016,80021,4400,3840,221,94.84979,False
328,NPT_4,97530,75.7391,90925,3415,3190,97652,75.83384,89737,4788,3127,237,94.8,False
329,NPT_5,101823,77.61195,94796,2765,4262,101962,77.7179,93984,4264,3714,190,95.0,True
330,NPT_6,91420,72.04836,84243,2268,4909,91362,72.00265,85426,2733,3203,180,94.73684,False
331,SKN_1,81449,68.21924,74838,2245,4366,81442,68.21338,76409,2379,2654,162,94.73684,False
332,SKN_2,78260,65.73101,71371,2950,3939,78294,65.75957,72506,2934,2854,154,94.47853,False
333,SKN_3,76102,67.96945,69723,2905,3474,75424,67.36391,70641,2325,2458,130,94.89051,False
334,SKN_4,78492,69.89181,72534,2462,3496,78491,69.89092,71505,3938,3048,192,94.58128,False
335,SKM_1,107475,68.7774,96695,4271,6509,106789,68.3384,97039,4762,4988,254,94.77612,False
336,PBI_1,91664,73.03613,82833,3637,5194,91842,73.17796,83337,4527,3978,228,95.0,True
337,PBI_2,97843,70.22594,88789,4380,4674,97439,69.93598,88381,5333,3725,242,94.90196,False
338,PBI_3,96326,73.21997,88653,3580,4093,96040,73.00258,86582,5482,3976,266,94.66192,False
339,PKN_1,107354,70.23947,102079,3127,2148,107597,70.39846,98019,6600,2978,244,94.94163,False
340,PKN_2,98341,67.18704,91568,2591,4182,98588,67.35579,90948,4368,3272,215,94.71366,False
341,PKN_3,93201,67.06314,88822,2411,1968,93262,67.10703,86747,4621,1894,244,94.94163,False
342,NST_1,94153,70.80397,86467,2897,4789,94153,70.80397,88823,3015,2315,211,94.61883,False
343,NST_2,89774,63.2969,82018,2663,5093,89719,63.25813,84211,3387,2121,249,94.67681,False
344,NST_3,92797,69.44688,87884,2548,2365,92849,69.48579,88398,3286,1165,306,94.73684,False
345,NST_4,97264,71.59292,91448,2248,3568,97635,71.86601,92861,3174,1600,220,94.82759,False
346,NST_5,95930,68.38271,90593,1882,3455,95690,68.21163,90427,2910,2353,225,94.93671,False
347,NST_6,99138,73.68992,94424,1908,2806,98935,73.53903,94341,3058,1536,237,94.8,False
348,NST_7,94953,69.45223,79236,4910,10807,94986,69.47636,87562,3577,3847,248,94.65649,False
349,NST_8,91568,67.21821,84919,2458,4191,91954,67.50156,86508,3426,2020,218,94.78261,False
350,NST_9,78608,56.24539,73792,2107,2709,78998,56.52445,75167,2519,1312,248,94.65649,False
351,KBI_1,92613,71.99282,85607,2599,4407,92607,71.98815,86827,3254,2526,204,94.88372,False
352,KBI_2,78537,66.75421,72047,2435,4055,78612,66.81796,74067,2804,1741,198,94.73684,False
353,KBI_3,89805,72.25731,83341,2749,3715,85728,68.97695,80838,3064,1826,220,94.82759,False
354,PNA_1,71143,70.89981,63519,2801,4823,70875,70.63273,66088,2506,2281,194,94.63415,False
355,PNA_2,79386,71.66548,72114,2717,4555,79699,71.94804,73698,3212,2789,181,94.7644,False
356,PKT_1,69548,66.88594,63373,1873,4302,69682,67.01481,65680,1894,2108,139,94.55782,False
357,PKT_2,64503,59.51779,56918,2751,4834,64673,59.67465,60460,1772,2441,142,94.66667,False
358,PKT_3,78539,66.67601,71837,2035,4667,78512,66.65308,73235,2218,3059,164,94.79769,False
359,SNI_1,78164,66.75549,71708,1540,4916,78024,66.63592,74116,1540,2368,160,94.67456,False
360,SNI_2,79103,66.09376,74539,1997,2567,79119,66.10713,74910,2596,1613,203,94.85981,False
361,SNI_3,90149,75.08975,84850,2117,3182,89552,74.59248,84794,2888,1870,216,94.73684,False
362,SNI_4,90904,73.67807,87059,1747,2098,90642,73.46572,86556,2676,1410,224,94.91525,False
363,SNI_5,86036,70.59885,81493,1968,2575,85724,70.34284,81295,2891,1538,213,94.66667,False
364,SNI_6,95993,76.76063,92171,2114,1708,96016,76.77902,91391,3297,1328,234,94.73684,False
365,SNI_7,91636,76.18747,87232,1872,2532,91007,75.66451,86681,2598,1728,191,94.55446,False
366,RNG_1,91488,63.83745,79569,4533,7386,91420,63.79,84949,3532,2939,233,94.71545,False
367,CPN_1,97935,71.45619,90574,2321,5040,92241,67.30169,87047,2883,2311,249,94.67681,False
368,CPN_2,102097,74.6214,95961,2554,3582,102297,74.76758,96521,3562,2214,259,94.87179,False
369,CPN_3,92854,68.39822,86974,2453,3427,93463,68.84682,88446,3062,1955,272,94.77352,False
370,SKA_1,91651,71.41766,81854,2732,7065,91732,71.48078,85442,2870,3420,190,94.52736,False
371,SKA_2,78433,72.18403,74548,1341,2544,78976,72.68377,75197,1740,2039,170,94.97207,False
372,SKA_3,100559,75.2006,88538,3169,8852,100052,74.82146,94210,2604,3238,202,94.83568,False
373,SKA_4,97257,76.76649,91837,2541,2879,97341,76.83279,91970,3757,1614,236,94.77912,False
374,SKA_5,96006,73.99249,86388,3632,5986,95881,73.89615,89789,3694,2398,222,94.87179,False
375,SKA_6,84207,72.48851,79919,2151,2137,87824,75.60216,83177,2920,1727,181,94.7644,False
376,SKA_7,93908,76.23516,88484,2638,2786,93285,75.72941,87868,3807,1610,222,94.87179,False
377,SKA_8,89009,73.89828,84220,2252,2537,89598,74.38729,84452,3562,1584,224,94.91525,False
378,SKA_9,103560,76.14762,94271,2983,6306,103300,75.95644,97646,2911,2743,195,94.66019,False
379,STN_1,83817,71.71631,77080,2382,4355,78978,67.57592,72928,3350,2700,191,94.55446,False
380,STN_2,89219,68.8668,81300,2930,4989,88942,68.65298,82926,3261,2755,222,94.87179,False
381,TRG_1,94152,75.797,85931,2037,6184,94078,75.73743,88408,2440,3230,217,94.75983,False
382,TRG_2,90495,68.30481,85379,2031,3085,90925,68.62937,86117,2790,2018,260,94.89051,False
383,TRG_3,84202,67.1778,78119,2211,3872,89672,71.54186,84712,2650,2310,214,94.69027,False
384,TRG_4,94316,73.47886,88725,2009,3582,94639,73.7305,89831,2747,2061,203,94.85981,False
385,PLG_1,109161,81.1781,104290,1918,2953,100740,74.91578,95883,3086,1771,248,94.65649,False
386,PLG_2,116111,80.30195,111116,2277,2718,108666,75.15302,103725,3431,1510,266,94.66192,False
387,PLG_3,104566,72.80285,97977,2990,3599,104788,72.95741,99698,3405,1685,249,94.67681,False
388,PTN_2,77256,69.8006,71930,2713,2613,74403,67.22292,68811,4110,1482,204,94.88372,False
389,PTN_1,65876,68.90435,61645,1946,2285,70249,73.47837,65277,3061,1911,151,94.96855,False
390,PTN_3,65167,65.70049,61194,2490,1483,65065,65.59765,60486,3546,1033,164,94.79769,False
391,PTN_4,75911,68.84977,72987,2003,921,79021,71.67048,73987,3881,1153,212,94.64286,False
392,PTN_5,70160,63.81431,65636,2953,1571,69928,63.60329,64704,4158,1066,200,94.78673,False
393,YLA_1,88642,68.11018,81366,2802,4474,88237,67.79899,81371,3854,3012,209,94.57014,False
394,YLA_2,91925,68.45974,83338,4990,3597,88671,66.03637,81362,5405,1904,228,95.0,True
395,YLA_3,91113,69.31697,82807,3987,4319,91135,69.33371,83888,4584,2663,234,94.73684,False
396,NWT_1,92477,71.58992,87148,2606,2723,94977,73.52527,87157,5586,2234,216,94.73684,False
397,NWT_2,72507,64.04024,65516,3258,3733,70414,62.19164,63801,4683,1930,190,94.52736,False
398,NWT_3,82161,73.14708,78576,2392,1193,75240,66.98539,69801,4632,807,196,94.68599,False
399,NWT_4,81814,69.94981,78570,2228,1016,82112,70.2046,76708,4431,973,206,94.93088,False
400,NWT_5,84877,67.70498,80626,2854,1397,85228,67.98497,78867,5196,1165,221,94.84979,False
